<?xml version="1.0" encoding="UTF-8"?>
<beans xmlns="http://www.springframework.org/schema/beans"
	xmlns:xsi="http://www.w3.org/2001/XMLSchema-instance"
	xmlns:context="http://www.springframework.org/schema/context"
	xsi:schemaLocation="http://www.springframework.org/schema/beans http://www.springframework.org/schema/beans/spring-beans.xsd
		http://www.springframework.org/schema/context http://www.springframework.org/schema/context/spring-context-4.3.xsd">
<import resource="myBeans.xml"></import>
<bean id="myDemo" class="org.cap.model.CollectionDemo">
<property name="names" >
<list>
<value>Moulya</value>
<value>Ram</value></list>
</property>
<property name="address">
<ref bean="add"/>
</property>
</bean>
<bean id="add" class="org.cap.model.Address">
<property name="stName" value="North Avenue">
</property>
<property name="city" value="Chennai">
</property></bean>
</beans>
